Workbook

Sheet Sheet1
D7: JUDGE 1
D9: Team | E9: Batting | F9: Bowling | G9: Fielding
D10: rcb | E10: 5 | F10: 3 | G10: 3
D11: csk | E11: 5 | F11: 5 | G11: 4
D12: kkr | E12: 4 | F12: 4 | G12: 4
D13: gt | E13: 4 | F13: 5 | G13: 4
D14: rr | E14: 4 | F14: 4 | G14: 5
D15: mi | E15: 5 | F15: 5 | G15: 4
D16: dc | E16: 4 | F16: 4 | G16: 4
D17: lsg | E17: 4 | F17: 4 | G17: 4
D18: pbks | E18: 4 | F18: 3 | G18: 3
D19: srh | E19: 3 | F19: 5 | G19: 4

Sheet Sheet2
B3: JUDGE 2
B5: Team | C5: Batting | D5: Bowling | E5: Fielding
B6: rcb | C6: 5 | D6: 2 | E6: 3
B7: csk | C7: 5 | D7: 4 | E7: 4
B8: kkr | C8: 4 | D8: 4 | E8: 4
B9: gt | C9: 4 | D9: 5 | E9: 3
B10: rr | C10: 5 | D10: 4 | E10: 5
B11: mi | C11: 4 | D11: 5 | E11: 3
B12: dc | C12: 4 | D12: 4 | E12: 3
B13: lsg | C13: 3 | D13: 4 | E13: 4
B14: pbks | C14: 4 | D14: 3 | E14: 3
B15: srh | C15: 3 | D15: 4 | E15: 4

Sheet Sheet3
B3: JUDGE 3
B5: Team | C5: Batting | D5: Bowling | E5: Fielding
B6: rcb | C6: 5 | D6: 3 | E6: 3
B7: csk | C7: 4 | D7: 5 | E7: 3
B8: kkr | C8: 5 | D8: 3 | E8: 4
B9: gt | C9: 3 | D9: 4 | E9: 4
B10: rr | C10: 4 | D10: 3 | E10: 4
B11: mi | C11: 5 | D11: 4 | E11: 4
B12: dc | C12: 3 | D12: 4 | E12: 4
B13: lsg | C13: 4 | D13: 3 | E13: 4
B14: pbks | C14: 3 | D14: 2 | E14: 3
B15: srh | C15: 2 | D15: 5 | E15: 3

Sheet Score
B2: Final_Score
B4: Team | C4: Batting | D4: Bowling | E4: Fielding | F4: Total _Score
B5: rcb | C5: =(VLOOKUP(Sheet1!D10,Sheet1!D10:G19,2,FALSE)+VLOOKUP(Sheet2!B6,Sheet2!B6:E15,2,FALSE)+VLOOKUP(Sheet3!B6,Sheet3!B6:E15,2,FALSE)) -> 15 | D5: =(VLOOKUP(Sheet1!E10,Sheet1!E10:H19,2,FALSE)+VLOOKUP(Sheet2!C6,Sheet2!C6:F15,2,FALSE)+VLOOKUP(Sheet3!C6,Sheet3!C6:F15,2,FALSE)) -> 8 | E5: =(VLOOKUP(Sheet1!F10,Sheet1!F10:I19,2,FALSE)+VLOOKUP(Sheet2!D6,Sheet2!D6:G15,2,FALSE)+VLOOKUP(Sheet3!D6,Sheet3!D6:G15,2,FALSE)) -> 9 | F5: =SUM(C5,D5,E5) -> 32
B6: csk | C6: =(VLOOKUP(Sheet1!D11,Sheet1!D11:G20,2,FALSE)+VLOOKUP(Sheet2!B7,Sheet2!B7:E16,2,FALSE)+VLOOKUP(Sheet3!B7,Sheet3!B7:E16,2,FALSE)) -> 14 | D6: =(VLOOKUP(Sheet1!E11,Sheet1!E11:H20,2,FALSE)+VLOOKUP(Sheet2!C7,Sheet2!C7:F16,2,FALSE)+VLOOKUP(Sheet3!C7,Sheet3!C7:F16,2,FALSE)) -> 14 | E6: =(VLOOKUP(Sheet1!F11,Sheet1!F11:I20,2,FALSE)+VLOOKUP(Sheet2!D7,Sheet2!D7:G16,2,FALSE)+VLOOKUP(Sheet3!D7,Sheet3!D7:G16,2,FALSE)) -> 11 | F6: =SUM(C6,D6,E6) -> 39
B7: kkr | C7: =(VLOOKUP(Sheet1!D12,Sheet1!D12:G21,2,FALSE)+VLOOKUP(Sheet2!B8,Sheet2!B8:E17,2,FALSE)+VLOOKUP(Sheet3!B8,Sheet3!B8:E17,2,FALSE)) -> 13 | D7: =(VLOOKUP(Sheet1!E12,Sheet1!E12:H21,2,FALSE)+VLOOKUP(Sheet2!C8,Sheet2!C8:F17,2,FALSE)+VLOOKUP(Sheet3!C8,Sheet3!C8:F17,2,FALSE)) -> 11 | E7: =(VLOOKUP(Sheet1!F12,Sheet1!F12:I21,2,FALSE)+VLOOKUP(Sheet2!D8,Sheet2!D8:G17,2,FALSE)+VLOOKUP(Sheet3!D8,Sheet3!D8:G17,2,FALSE)) -> 12 | F7: =SUM(C7,D7,E7) -> 36
B8: gt | C8: =(VLOOKUP(Sheet1!D13,Sheet1!D13:G22,2,FALSE)+VLOOKUP(Sheet2!B9,Sheet2!B9:E18,2,FALSE)+VLOOKUP(Sheet3!B9,Sheet3!B9:E18,2,FALSE)) -> 11 | D8: =(VLOOKUP(Sheet1!E13,Sheet1!E13:H22,2,FALSE)+VLOOKUP(Sheet2!C9,Sheet2!C9:F18,2,FALSE)+VLOOKUP(Sheet3!C9,Sheet3!C9:F18,2,FALSE)) -> 14 | E8: =(VLOOKUP(Sheet1!F13,Sheet1!F13:I22,2,FALSE)+VLOOKUP(Sheet2!D9,Sheet2!D9:G18,2,FALSE)+VLOOKUP(Sheet3!D9,Sheet3!D9:G18,2,FALSE)) -> 11 | F8: =SUM(C8,D8,E8) -> 36
B9: rr | C9: =(VLOOKUP(Sheet1!D14,Sheet1!D14:G23,2,FALSE)+VLOOKUP(Sheet2!B10,Sheet2!B10:E19,2,FALSE)+VLOOKUP(Sheet3!B10,Sheet3!B10:E19,2,FALSE)) -> 13 | D9: =(VLOOKUP(Sheet1!E14,Sheet1!E14:H23,2,FALSE)+VLOOKUP(Sheet2!C10,Sheet2!C10:F19,2,FALSE)+VLOOKUP(Sheet3!C10,Sheet3!C10:F19,2,FALSE)) -> 11 | E9: =(VLOOKUP(Sheet1!F14,Sheet1!F14:I23,2,FALSE)+VLOOKUP(Sheet2!D10,Sheet2!D10:G19,2,FALSE)+VLOOKUP(Sheet3!D10,Sheet3!D10:G19,2,FALSE)) -> 14 | F9: =SUM(C9,D9,E9) -> 38
B10: mi | C10: =(VLOOKUP(Sheet1!D15,Sheet1!D15:G24,2,FALSE)+VLOOKUP(Sheet2!B11,Sheet2!B11:E20,2,FALSE)+VLOOKUP(Sheet3!B11,Sheet3!B11:E20,2,FALSE)) -> 14 | D10: =(VLOOKUP(Sheet1!E15,Sheet1!E15:H24,2,FALSE)+VLOOKUP(Sheet2!C11,Sheet2!C11:F20,2,FALSE)+VLOOKUP(Sheet3!C11,Sheet3!C11:F20,2,FALSE)) -> 14 | E10: =(VLOOKUP(Sheet1!F15,Sheet1!F15:I24,2,FALSE)+VLOOKUP(Sheet2!D11,Sheet2!D11:G20,2,FALSE)+VLOOKUP(Sheet3!D11,Sheet3!D11:G20,2,FALSE)) -> 11 | F10: =SUM(C10,D10,E10) -> 39
B11: dc | C11: =(VLOOKUP(Sheet1!D16,Sheet1!D16:G25,2,FALSE)+VLOOKUP(Sheet2!B12,Sheet2!B12:E21,2,FALSE)+VLOOKUP(Sheet3!B12,Sheet3!B12:E21,2,FALSE)) -> 11 | D11: =(VLOOKUP(Sheet1!E16,Sheet1!E16:H25,2,FALSE)+VLOOKUP(Sheet2!C12,Sheet2!C12:F21,2,FALSE)+VLOOKUP(Sheet3!C12,Sheet3!C12:F21,2,FALSE)) -> 12 | E11: =(VLOOKUP(Sheet1!F16,Sheet1!F16:I25,2,FALSE)+VLOOKUP(Sheet2!D12,Sheet2!D12:G21,2,FALSE)+VLOOKUP(Sheet3!D12,Sheet3!D12:G21,2,FALSE)) -> 11 | F11: =SUM(C11,D11,E11) -> 34
B12: lsg | C12: =(VLOOKUP(Sheet1!D17,Sheet1!D17:G26,2,FALSE)+VLOOKUP(Sheet2!B13,Sheet2!B13:E22,2,FALSE)+VLOOKUP(Sheet3!B13,Sheet3!B13:E22,2,FALSE)) -> 11 | D12: =(VLOOKUP(Sheet1!E17,Sheet1!E17:H26,2,FALSE)+VLOOKUP(Sheet2!C13,Sheet2!C13:F22,2,FALSE)+VLOOKUP(Sheet3!C13,Sheet3!C13:F22,2,FALSE)) -> 11 | E12: =(VLOOKUP(Sheet1!F17,Sheet1!F17:I26,2,FALSE)+VLOOKUP(Sheet2!D13,Sheet2!D13:G22,2,FALSE)+VLOOKUP(Sheet3!D13,Sheet3!D13:G22,2,FALSE)) -> 12 | F12: =SUM(C12,D12,E12) -> 34
B13: pbks | C13: =(VLOOKUP(Sheet1!D18,Sheet1!D18:G27,2,FALSE)+VLOOKUP(Sheet2!B14,Sheet2!B14:E23,2,FALSE)+VLOOKUP(Sheet3!B14,Sheet3!B14:E23,2,FALSE)) -> 11 | D13: =(VLOOKUP(Sheet1!E18,Sheet1!E18:H27,2,FALSE)+VLOOKUP(Sheet2!C14,Sheet2!C14:F23,2,FALSE)+VLOOKUP(Sheet3!C14,Sheet3!C14:F23,2,FALSE)) -> 8 | E13: =(VLOOKUP(Sheet1!F18,Sheet1!F18:I27,2,FALSE)+VLOOKUP(Sheet2!D14,Sheet2!D14:G23,2,FALSE)+VLOOKUP(Sheet3!D14,Sheet3!D14:G23,2,FALSE)) -> 9 | F13: =SUM(C13,D13,E13) -> 28
B14: srh | C14: =(VLOOKUP(Sheet1!D19,Sheet1!D19:G28,2,FALSE)+VLOOKUP(Sheet2!B15,Sheet2!B15:E24,2,FALSE)+VLOOKUP(Sheet3!B15,Sheet3!B15:E24,2,FALSE)) -> 8 | D14: =(VLOOKUP(Sheet1!E19,Sheet1!E19:H28,2,FALSE)+VLOOKUP(Sheet2!C15,Sheet2!C15:F24,2,FALSE)+VLOOKUP(Sheet3!C15,Sheet3!C15:F24,2,FALSE)) -> 14 | E14: =(VLOOKUP(Sheet1!F19,Sheet1!F19:I28,2,FALSE)+VLOOKUP(Sheet2!D15,Sheet2!D15:G24,2,FALSE)+VLOOKUP(Sheet3!D15,Sheet3!D15:G24,2,FALSE)) -> 11 | F14: =SUM(C14,D14,E14) -> 33

Sheet Rank
A2: Rank | B2: Team | C2: Total_Score | G2: Rank | H2: Team | I2: Total_Score
A3: 1 | B3: rcb | C3: 32 | G3: 1 | H3: =VLOOKUP(G3,A3:C12,2) -> rcb | I3: =VLOOKUP(G3,A3:C12,3) -> 32
A4: 2 | B4: csk | C4: 39
A5: 3 | B5: kkr | C5: 36
A6: 4 | B6: gt | C6: 36
A7: 5 | B7: rr | C7: 38
A8: 6 | B8: mi | C8: 39
A9: 7 | B9: dc | C9: 34
A10: 8 | B10: lsg | C10: 34
A11: 9 | B11: pbks | C11: 28
A12: 10 | B12: srh | C12: 33

Sheet Sheet5
A1: Team Name | B1: Bating | E1: Bowling | H1: Fielding | K1: GrandTotal
B2: Judge 1 | C2: Judge 2 | D2: Judge 3 | E2: Judge 1 | F2: Judge 2 | G2: Judge 3 | H2: Judge 1 | I2: Judge 2 | J2: Judge 3
A3: rcb | B3: =VLOOKUP(A3,Sheet1!D10:G19,2,FALSE) -> 5 | C3: =VLOOKUP(A3,Sheet2!B6:E15,2,FALSE) -> 5 | D3: =VLOOKUP(A3,Sheet3!B5:E15,2,FALSE) -> 5 | E3: =VLOOKUP(A3,Sheet1!D9:G19,3,FALSE) -> 3 | F3: =VLOOKUP(A3,Sheet2!B6:E15,3,FALSE) -> 2 | G3: =VLOOKUP(A3,Sheet3!B5:E15,3,FALSE) -> 3 | H3: =VLOOKUP(A3,Sheet1!D9:G19,4,FALSE) -> 3 | I3: =VLOOKUP(A3,Sheet2!B6:E15,4,FALSE) -> 3 | J3: =VLOOKUP(A3,Sheet3!B5:E15,4,FALSE) -> 3 | K3: =SUM(B3:J3) -> 32
A4: csk | B4: =VLOOKUP(A4,Sheet1!D11:G20,2,FALSE) -> 5 | C4: =VLOOKUP(A4,Sheet2!B7:E16,2,FALSE) -> 5 | D4: =VLOOKUP(A4,Sheet3!B6:E16,2,FALSE) -> 4 | E4: =VLOOKUP(A4,Sheet1!D10:G20,3,FALSE) -> 5 | F4: =VLOOKUP(A4,Sheet2!B7:E16,3,FALSE) -> 4 | G4: =VLOOKUP(A4,Sheet3!B6:E16,3,FALSE) -> 5 | H4: =VLOOKUP(A4,Sheet1!D10:G20,4,FALSE) -> 4 | I4: =VLOOKUP(A4,Sheet2!B7:E16,4,FALSE) -> 4 | J4: =VLOOKUP(A4,Sheet3!B6:E16,4,FALSE) -> 3 | K4: =SUM(B4:J4) -> 39
A5: kkr | B5: =VLOOKUP(A5,Sheet1!D12:G21,2,FALSE) -> 4 | C5: =VLOOKUP(A5,Sheet2!B8:E17,2,FALSE) -> 4 | D5: =VLOOKUP(A5,Sheet3!B7:E17,2,FALSE) -> 5 | E5: =VLOOKUP(A5,Sheet1!D11:G21,3,FALSE) -> 4 | F5: =VLOOKUP(A5,Sheet2!B8:E17,3,FALSE) -> 4 | G5: =VLOOKUP(A5,Sheet3!B7:E17,3,FALSE) -> 3 | H5: =VLOOKUP(A5,Sheet1!D11:G21,4,FALSE) -> 4 | I5: =VLOOKUP(A5,Sheet2!B8:E17,4,FALSE) -> 4 | J5: =VLOOKUP(A5,Sheet3!B7:E17,4,FALSE) -> 4 | K5: =SUM(B5:J5) -> 36
A6: gt | B6: =VLOOKUP(A6,Sheet1!D13:G22,2,FALSE) -> 4 | C6: =VLOOKUP(A6,Sheet2!B9:E18,2,FALSE) -> 4 | D6: =VLOOKUP(A6,Sheet3!B8:E18,2,FALSE) -> 3 | E6: =VLOOKUP(A6,Sheet1!D12:G22,3,FALSE) -> 5 | F6: =VLOOKUP(A6,Sheet2!B9:E18,3,FALSE) -> 5 | G6: =VLOOKUP(A6,Sheet3!B8:E18,3,FALSE) -> 4 | H6: =VLOOKUP(A6,Sheet1!D12:G22,4,FALSE) -> 4 | I6: =VLOOKUP(A6,Sheet2!B9:E18,4,FALSE) -> 3 | J6: =VLOOKUP(A6,Sheet3!B8:E18,4,FALSE) -> 4 | K6: =SUM(B6:J6) -> 36
A7: rr | B7: =VLOOKUP(A7,Sheet1!D14:G23,2,FALSE) -> 4 | C7: =VLOOKUP(A7,Sheet2!B10:E19,2,FALSE) -> 5 | D7: =VLOOKUP(A7,Sheet3!B9:E19,2,FALSE) -> 4 | E7: =VLOOKUP(A7,Sheet1!D13:G23,3,FALSE) -> 4 | F7: =VLOOKUP(A7,Sheet2!B10:E19,3,FALSE) -> 4 | G7: =VLOOKUP(A7,Sheet3!B9:E19,3,FALSE) -> 3 | H7: =VLOOKUP(A7,Sheet1!D13:G23,4,FALSE) -> 5 | I7: =VLOOKUP(A7,Sheet2!B10:E19,4,FALSE) -> 5 | J7: =VLOOKUP(A7,Sheet3!B9:E19,4,FALSE) -> 4 | K7: =SUM(B7:J7) -> 38
A8: mi | B8: =VLOOKUP(A8,Sheet1!D15:G24,2,FALSE) -> 5 | C8: =VLOOKUP(A8,Sheet2!B11:E20,2,FALSE) -> 4 | D8: =VLOOKUP(A8,Sheet3!B10:E20,2,FALSE) -> 5 | E8: =VLOOKUP(A8,Sheet1!D14:G24,3,FALSE) -> 5 | F8: =VLOOKUP(A8,Sheet2!B11:E20,3,FALSE) -> 5 | G8: =VLOOKUP(A8,Sheet3!B10:E20,3,FALSE) -> 4 | H8: =VLOOKUP(A8,Sheet1!D14:G24,4,FALSE) -> 4 | I8: =VLOOKUP(A8,Sheet2!B11:E20,4,FALSE) -> 3 | J8: =VLOOKUP(A8,Sheet3!B10:E20,4,FALSE) -> 4 | K8: =SUM(B8:J8) -> 39
A9: dc | B9: =VLOOKUP(A9,Sheet1!D16:G25,2,FALSE) -> 4 | C9: =VLOOKUP(A9,Sheet2!B12:E21,2,FALSE) -> 4 | D9: =VLOOKUP(A9,Sheet3!B11:E21,2,FALSE) -> 3 | E9: =VLOOKUP(A9,Sheet1!D15:G25,3,FALSE) -> 4 | F9: =VLOOKUP(A9,Sheet2!B12:E21,3,FALSE) -> 4 | G9: =VLOOKUP(A9,Sheet3!B11:E21,3,FALSE) -> 4 | H9: =VLOOKUP(A9,Sheet1!D15:G25,4,FALSE) -> 4 | I9: =VLOOKUP(A9,Sheet2!B12:E21,4,FALSE) -> 3 | J9: =VLOOKUP(A9,Sheet3!B11:E21,4,FALSE) -> 4 | K9: =SUM(B9:J9) -> 34
A10: lsg | B10: =VLOOKUP(A10,Sheet1!D17:G26,2,FALSE) -> 4 | C10: =VLOOKUP(A10,Sheet2!B13:E22,2,FALSE) -> 3 | D10: =VLOOKUP(A10,Sheet3!B12:E22,2,FALSE) -> 4 | E10: =VLOOKUP(A10,Sheet1!D16:G26,3,FALSE) -> 4 | F10: =VLOOKUP(A10,Sheet2!B13:E22,3,FALSE) -> 4 | G10: =VLOOKUP(A10,Sheet3!B12:E22,3,FALSE) -> 3 | H10: =VLOOKUP(A10,Sheet1!D16:G26,4,FALSE) -> 4 | I10: =VLOOKUP(A10,Sheet2!B13:E22,4,FALSE) -> 4 | J10: =VLOOKUP(A10,Sheet3!B12:E22,4,FALSE) -> 4 | K10: =SUM(B10:J10) -> 34
A11: pbks | B11: =VLOOKUP(A11,Sheet1!D18:G27,2,FALSE) -> 4 | C11: =VLOOKUP(A11,Sheet2!B14:E23,2,FALSE) -> 4 | D11: =VLOOKUP(A11,Sheet3!B13:E23,2,FALSE) -> 3 | E11: =VLOOKUP(A11,Sheet1!D17:G27,3,FALSE) -> 3 | F11: =VLOOKUP(A11,Sheet2!B14:E23,3,FALSE) -> 3 | G11: =VLOOKUP(A11,Sheet3!B13:E23,3,FALSE) -> 2 | H11: =VLOOKUP(A11,Sheet1!D17:G27,4,FALSE) -> 3 | I11: =VLOOKUP(A11,Sheet2!B14:E23,4,FALSE) -> 3 | J11: =VLOOKUP(A11,Sheet3!B13:E23,4,FALSE) -> 3 | K11: =SUM(B11:J11) -> 28
A12: srh | B12: =VLOOKUP(A12,Sheet1!D19:G28,2,FALSE) -> 3 | C12: =VLOOKUP(A12,Sheet2!B15:E24,2,FALSE) -> 3 | D12: =VLOOKUP(A12,Sheet3!B14:E24,2,FALSE) -> 2 | E12: =VLOOKUP(A12,Sheet1!D18:G28,3,FALSE) -> 5 | F12: =VLOOKUP(A12,Sheet2!B15:E24,3,FALSE) -> 4 | G12: =VLOOKUP(A12,Sheet3!B14:E24,3,FALSE) -> 5 | H12: =VLOOKUP(A12,Sheet1!D18:G28,4,FALSE) -> 4 | I12: =VLOOKUP(A12,Sheet2!B15:E24,4,FALSE) -> 4 | J12: =VLOOKUP(A12,Sheet3!B14:E24,4,FALSE) -> 3 | K12: =SUM(B12:J12) -> 33
